{
  "movie_results": [
    {
      "adult": false,
      "backdrop_path": "/hjQp148VjWF4KjzhsD90OCMr11h.jpg",
      "genre_ids": [
        18,
        36,
        10752
      ],
      "id": 857,
      "original_language": "en",
      "original_title": "Saving Private Ryan",
      "overview": "As U.S. troops storm the beaches of Normandy, three brothers lie dead on the battlefield, with a fourth trapped behind enemy lines. Ranger captain John Miller and seven men are tasked with penetrating German-held territory and bringing the boy home.",
      "poster_path": "/JC8KQ2BXaAIFEU8zEuakiwUQSr.jpg",
      "release_date": "1998-07-24",
      "title": "Saving Private Ryan",
      "video": false,
      "vote_average": 8.2,
      "vote_count": 10910,
      "popularity": 29.64
    }
  ],
  "person_results": [],
  "tv_results": [],
  "tv_episode_results": [],
  "tv_season_results": []
}