[
  {
    "id": 1,
    "title": "Black Panther",
    "posterURL": "https://m.media-amazon.com/images/M/MV5BMTg1MTY2MjYzNV5BMl5BanBnXkFtZTgwMTc4NTMwNDI@._V1_SX300.jpg",
    "imdbId": "tt1825683"
  },
  {
    "id": 2,
    "title": "Mad Max: Fury Road",
    "posterURL": "https://m.media-amazon.com/images/M/MV5BN2EwM2I5OWMtMGQyMi00Zjg1LWJkNTctZTdjYTA4OGUwZjMyXkEyXkFqcGdeQXVyMTMxODk2OTU@._V1_SX300.jpg",
    "imdbId": "tt1392190"
  },
  {
    "id": 3,
    "title": "Wonder Woman",
    "posterURL": "https://m.media-amazon.com/images/M/MV5BNDFmZjgyMTEtYTk5MC00NmY0LWJhZjktOWY2MzI5YjkzODNlXkEyXkFqcGdeQXVyMDA4NzMyOA@@._V1_SX300.jpg",
    "imdbId": "tt0451279"
  },
  {
    "id": 4,
    "title": "Metropolis",
    "posterURL": "https://m.media-amazon.com/images/M/MV5BMTg5YWIyMWUtZDY5My00Zjc1LTljOTctYmI0MWRmY2M2NmRkXkEyXkFqcGdeQXVyMTMxODk2OTU@._V1_SX300.jpg",
    "imdbId": "tt0017136"
  },
  {
    "id": 5,
    "title": "Coco",
    "posterURL": "https://m.media-amazon.com/images/M/MV5BYjQ5NjM0Y2YtNjZkNC00ZDhkLWJjMWItN2QyNzFkMDE3ZjAxXkEyXkFqcGdeQXVyODIxMzk5NjA@._V1_SX300.jpg",
    "imdbId": "tt2380307"
  },
  {
    "id": 6,
    "title": "Dunkirk",
    "posterURL": "https://m.media-amazon.com/images/M/MV5BN2YyZjQ0NTEtNzU5MS00NGZkLTg0MTEtYzJmMWY3MWRhZjM2XkEyXkFqcGdeQXVyMDA4NzMyOA@@._V1_SX300.jpg",
    "imdbId": "tt5013056"
  },
  {
    "id": 7,
    "title": "Star Wars: The Last Jedi",
    "posterURL": "https://m.media-amazon.com/images/M/MV5BMjQ1MzcxNjg4N15BMl5BanBnXkFtZTgwNzgwMjY4MzI@._V1_SX300.jpg",
    "imdbId": "tt2527336"
  },
  {
    "id": 8,
    "title": "Logan",
    "posterURL": "https://m.media-amazon.com/images/M/MV5BYzc5MTU4N2EtYTkyMi00NjdhLTg3NWEtMTY4OTEyMzJhZTAzXkEyXkFqcGdeQXVyNjc1NTYyMjg@._V1_SX300.jpg",
    "imdbId": "tt3315342"
  },
  {
    "id": 9,
    "title": "Thor: Ragnarok",
    "posterURL": "https://m.media-amazon.com/images/M/MV5BMjMyNDkzMzI1OF5BMl5BanBnXkFtZTgwODcxODg5MjI@._V1_SX300.jpg",
    "imdbId": "tt3501632"
  },
  {
    "id": 10,
    "title": "King Kong",
    "posterURL": "https://m.media-amazon.com/images/M/MV5BZTY3YjYxZGQtMTM2YS00ZmYwLWFlM2QtOWFlMTU1NTAyZDQ2XkEyXkFqcGdeQXVyNTgyNTA4MjM@._V1_SX300.jpg",
    "imdbId": "tt0024216"
  },
  {
    "id": 11,
    "title": "Incredibles 2",
    "posterURL": "https://m.media-amazon.com/images/M/MV5BMTEzNzY0OTg0NTdeQTJeQWpwZ15BbWU4MDU3OTg3MjUz._V1_SX300.jpg",
    "imdbId": "tt3606756"
  },
  {
    "id": 12,
    "title": "Star Wars: Episode VII - The Force Awakens",
    "posterURL": "https://m.media-amazon.com/images/M/MV5BOTAzODEzNDAzMl5BMl5BanBnXkFtZTgwMDU1MTgzNzE@._V1_SX300.jpg",
    "imdbId": "tt2488496"
  },
  {
    "id": 13,
    "title": "The Adventures of Robin Hood",
    "posterURL": "https://m.media-amazon.com/images/M/MV5BYjZjOTU3MTMtYTM5YS00YjZmLThmNmMtODcwOTM1NmRiMWM2XkEyXkFqcGdeQXVyNjc1NTYyMjg@._V1_SX300.jpg",
    "imdbId": "tt0029843"
  },
  {
    "id": 14,
    "title": "Baby Driver",
    "posterURL": "https://m.media-amazon.com/images/M/MV5BMjM3MjQ1MzkxNl5BMl5BanBnXkFtZTgwODk1ODgyMjI@._V1_SX300.jpg",
    "imdbId": "tt3890160"
  },
  {
    "id": 15,
    "title": "Spider-Man: Homecoming",
    "posterURL": "https://m.media-amazon.com/images/M/MV5BNTk4ODQ1MzgzNl5BMl5BanBnXkFtZTgwMTMyMzM4MTI@._V1_SX300.jpg",
    "imdbId": "tt2250912"
  },
  {
    "id": 16,
    "title": "Zootopia",
    "posterURL": "https://m.media-amazon.com/images/M/MV5BOTMyMjEyNzIzMV5BMl5BanBnXkFtZTgwNzIyNjU0NzE@._V1_SX300.jpg",
    "imdbId": "tt2948356"
  },
  {
    "id": 17,
    "title": "Up",
    "posterURL": "https://m.media-amazon.com/images/M/MV5BMTk3NDE2NzI4NF5BMl5BanBnXkFtZTgwNzE1MzEyMTE@._V1_SX300.jpg",
    "imdbId": "tt1049413"
  },
  {
    "id": 18,
    "title": "War for the Planet of the Apes",
    "posterURL": "https://m.media-amazon.com/images/M/MV5BNDNmYTQzMDEtMmY0MS00OTNjLTk4MjItMDZhMzkzOGI3MzA0XkEyXkFqcGdeQXVyNjk5NDA3OTk@._V1_SX300.jpg",
    "imdbId": "tt3450958"
  },
  {
    "id": 19,
    "title": "The Treasure of the Sierra Madre",
    "posterURL": "https://m.media-amazon.com/images/M/MV5BOTJlZWMxYzEtMjlkMS00ODE0LThlM2ItMDI3NGQ2YjhmMzkxXkEyXkFqcGdeQXVyMDI2NDg0NQ@@._V1_SX300.jpg",
    "imdbId": "tt0040897"
  },
  {
    "id": 20,
    "title": "Jaws",
    "posterURL": "https://m.media-amazon.com/images/M/MV5BMmVmODY1MzEtYTMwZC00MzNhLWFkNDMtZjAwM2EwODUxZTA5XkEyXkFqcGdeQXVyNTAyODkwOQ@@._V1_SX300.jpg",
    "imdbId": "tt0073195"
  },
  {
    "id": 21,
    "title": "The Dark Knight",
    "posterURL": "https://m.media-amazon.com/images/M/MV5BMTMxNTMwODM0NF5BMl5BanBnXkFtZTcwODAyMTk2Mw@@._V1_SX300.jpg",
    "imdbId": "tt0468569"
  },
  {
    "id": 22,
    "title": "Lawrence of Arabia",
    "posterURL": "https://m.media-amazon.com/images/M/MV5BYWY5ZjhjNGYtZmI2Ny00ODM0LWFkNzgtZmI1YzA2N2MxMzA0XkEyXkFqcGdeQXVyNjUwNzk3NDc@._V1_SX300.jpg",
    "imdbId": "tt0056172"
  },
  {
    "id": 23,
    "title": "Captain America: Civil War",
    "posterURL": "https://m.media-amazon.com/images/M/MV5BMjQ0MTgyNjAxMV5BMl5BanBnXkFtZTgwNjUzMDkyODE@._V1_SX300.jpg",
    "imdbId": "tt3498820"
  },
  {
    "id": 24,
    "title": "The Jungle Book",
    "posterURL": "https://m.media-amazon.com/images/M/MV5BMTc3NTUzNTI4MV5BMl5BanBnXkFtZTgwNjU0NjU5NzE@._V1_SX300.jpg",
    "imdbId": "tt3040964"
  },
  {
    "id": 25,
    "title": "Moana",
    "posterURL": "https://m.media-amazon.com/images/M/MV5BMjI4MzU5NTExNF5BMl5BanBnXkFtZTgwNzY1MTEwMDI@._V1_SX300.jpg",
    "imdbId": "tt3521164"
  },
  {
    "id": 26,
    "title": "Harry Potter and the Deathly Hallows: Part 2",
    "posterURL": "https://m.media-amazon.com/images/M/MV5BMjIyZGU4YzUtNDkzYi00ZDRhLTljYzctYTMxMDQ4M2E0Y2YxXkEyXkFqcGdeQXVyNTIzOTk5ODM@._V1_SX300.jpg",
    "imdbId": "tt1201607"
  },
  {
    "id": 27,
    "title": "The 39 Steps",
    "posterURL": "https://m.media-amazon.com/images/M/MV5BMTY5ODAzMTcwOF5BMl5BanBnXkFtZTcwMzYxNDYyNA@@._V1_SX300.jpg",
    "imdbId": "tt0026029"
  },
  {
    "id": 28,
    "title": "Aliens",
    "posterURL": "https://m.media-amazon.com/images/M/MV5BZGU2OGY5ZTYtMWNhYy00NjZiLWI0NjUtZmNhY2JhNDRmODU3XkEyXkFqcGdeQXVyNzkwMjQ5NzM@._V1_SX300.jpg",
    "imdbId": "tt0090605"
  },
  {
    "id": 29,
    "title": "Ant-Man and the Wasp",
    "posterURL": "https://m.media-amazon.com/images/M/MV5BYjcyYTk0N2YtMzc4ZC00Y2E0LWFkNDgtNjE1MzZmMGE1YjY1XkEyXkFqcGdeQXVyMTMxODk2OTU@._V1_SX300.jpg",
    "imdbId": "tt5095030"
  },
  {
    "id": 30,
    "title": "Skyfall",
    "posterURL": "https://m.media-amazon.com/images/M/MV5BNDVhZmJiYWMtNmIzMC00ZWNiLTkzZDYtNGNlZmViMGM4OGExXkEyXkFqcGdeQXVyNTIzOTk5ODM@._V1_SX300.jpg",
    "imdbId": "tt1074638"
  },
  {
    "id": 31,
    "title": "Star Wars: Episode IV - A New Hope",
    "posterURL": "https://m.media-amazon.com/images/M/MV5BNzVlY2MwMjktM2E4OS00Y2Y3LWE3ZjctYzhkZGM3YzA1ZWM2XkEyXkFqcGdeQXVyNzkwMjQ5NzM@._V1_SX300.jpg",
    "imdbId": "tt0076759"
  },
  {
    "id": 32,
    "title": "Star Trek",
    "posterURL": "https://m.media-amazon.com/images/M/MV5BMjE5NDQ5OTE4Ml5BMl5BanBnXkFtZTcwOTE3NDIzMw@@._V1_SX300.jpg",
    "imdbId": "tt0796366"
  },
  {
    "id": 33,
    "title": "Kubo and the Two Strings",
    "posterURL": "https://m.media-amazon.com/images/M/MV5BMjA2Mzg2NDMzNl5BMl5BanBnXkFtZTgwMjcwODUzOTE@._V1_SX300.jpg",
    "imdbId": "tt4302938"
  },
  {
    "id": 34,
    "title": "Apocalypse Now",
    "posterURL": "https://m.media-amazon.com/images/M/MV5BZTNkZmU0ZWQtZjQzMy00YTNmLWFmN2MtZGNkMmU1OThmMGYwXkEyXkFqcGdeQXVyNzkwMjQ5NzM@._V1_SX300.jpg",
    "imdbId": "tt0078788"
  },
  {
    "id": 35,
    "title": "Mission: Impossible - Rogue Nation",
    "posterURL": "https://m.media-amazon.com/images/M/MV5BOTFmNDA3ZjMtN2Y0MC00NDYyLWFlY2UtNTQ4OTQxMmY1NmVjXkEyXkFqcGdeQXVyNTg4NDQ4NDY@._V1_SX300.jpg",
    "imdbId": "tt2381249"
  },
  {
    "id": 36,
    "title": "Avengers: Infinity War",
    "posterURL": "https://m.media-amazon.com/images/M/MV5BMjMxNjY2MDU1OV5BMl5BanBnXkFtZTgwNzY1MTUwNTM@._V1_SX300.jpg",
    "imdbId": "tt4154756"
  },
  {
    "id": 37,
    "title": "The Terminator",
    "posterURL": "https://m.media-amazon.com/images/M/MV5BYTViNzMxZjEtZGEwNy00MDNiLWIzNGQtZDY2MjQ1OWViZjFmXkEyXkFqcGdeQXVyNzkwMjQ5NzM@._V1_SX300.jpg",
    "imdbId": "tt0088247"
  },
  {
    "id": 38,
    "title": "Isle of Dogs",
    "posterURL": "https://m.media-amazon.com/images/M/MV5BMTYyOTUwNjAxM15BMl5BanBnXkFtZTgwODcyMzE0NDM@._V1_SX300.jpg",
    "imdbId": "tt5104604"
  },
  {
    "id": 39,
    "title": "WALL-E",
    "posterURL": "https://m.media-amazon.com/images/M/MV5BMjExMTg5OTU0NF5BMl5BanBnXkFtZTcwMjMxMzMzMw@@._V1_SX300.jpg",
    "imdbId": "tt0910970"
  },
  {
    "id": 40,
    "title": "Rio Bravo",
    "posterURL": "https://m.media-amazon.com/images/M/MV5BZDVhMTk1NjUtYjc0OS00OTE1LTk1NTYtYWMzMDI5OTlmYzU2XkEyXkFqcGdeQXVyNjc1NTYyMjg@._V1_SX300.jpg",
    "imdbId": "tt0053221"
  },
  {
    "id": 41,
    "title": "Star Wars: Episode V - The Empire Strikes Back",
    "posterURL": "https://m.media-amazon.com/images/M/MV5BYmU1NDRjNDgtMzhiMi00NjZmLTg5NGItZDNiZjU5NTU4OTE0XkEyXkFqcGdeQXVyNzkwMjQ5NzM@._V1_SX300.jpg",
    "imdbId": "tt0080684"
  },
  {
    "id": 42,
    "title": "The Lego Movie",
    "posterURL": "https://m.media-amazon.com/images/M/MV5BMTg4MDk1ODExN15BMl5BanBnXkFtZTgwNzIyNjg3MDE@._V1_SX300.jpg",
    "imdbId": "tt1490017"
  },
  {
    "id": 43,
    "title": "The African Queen",
    "posterURL": "https://m.media-amazon.com/images/M/MV5BOTg0NjY1NTEyMF5BMl5BanBnXkFtZTgwNjUwMTY3MjE@._V1_SX300.jpg",
    "imdbId": "tt0043265"
  },
  {
    "id": 44,
    "title": "The French Connection",
    "posterURL": "https://m.media-amazon.com/images/M/MV5BOTZhY2E3NmItMGIwNi00OTA2LThkYmEtODFiZTM0NGI0ZWU5XkEyXkFqcGdeQXVyNTc1NTQxODI@._V1_SX300.jpg",
    "imdbId": "tt0067116"
  },
  {
    "id": 45,
    "title": "True Grit",
    "posterURL": "https://m.media-amazon.com/images/M/MV5BMjIxNjAzODQ0N15BMl5BanBnXkFtZTcwODY2MjMyNA@@._V1_SX300.jpg",
    "imdbId": "tt1403865"
  },
  {
    "id": 46,
    "title": "Once Upon a Time in the West",
    "posterURL": "https://m.media-amazon.com/images/M/MV5BZGI5MjBmYzYtMzJhZi00NGI1LTk3MzItYjBjMzcxM2U3MDdiXkEyXkFqcGdeQXVyNzkwMjQ5NzM@._V1_SX300.jpg",
    "imdbId": "tt0064116"
  },
  {
    "id": 47,
    "title": "Throne of Blood",
    "posterURL": "https://m.media-amazon.com/images/M/MV5BNGYxZjA2M2ItYTRmNS00NzRmLWJkYzgtYTdiNGFlZDI5ZjNmXkEyXkFqcGdeQXVyNDE5MTU2MDE@._V1_SX300.jpg",
    "imdbId": "tt0050613"
  },
  {
    "id": 48,
    "title": "Iron Man",
    "posterURL": "https://m.media-amazon.com/images/M/MV5BMTczNTI2ODUwOF5BMl5BanBnXkFtZTcwMTU0NTIzMw@@._V1_SX300.jpg",
    "imdbId": "tt0371746"
  },
  {
    "id": 49,
    "title": "Guardians of the Galaxy",
    "posterURL": "https://m.media-amazon.com/images/M/MV5BMTAwMjU5OTgxNjZeQTJeQWpwZ15BbWU4MDUxNDYxODEx._V1_SX300.jpg",
    "imdbId": "tt2015381"
  },
  {
    "id": 50,
    "title": "Yellow Submarine",
    "posterURL": "https://m.media-amazon.com/images/M/MV5BMGExODFmMjQtZTgxOC00ZDE0LWJmM2MtOTQzM2YzNDZlMzNmL2ltYWdlL2ltYWdlXkEyXkFqcGdeQXVyNjc1NTYyMjg@._V1_SX300.jpg",
    "imdbId": "tt0063823"
  },
  {
    "id": 51,
    "title": "The Searchers",
    "posterURL": "https://m.media-amazon.com/images/M/MV5BYWQ3YWJiMDEtMDBhNS00YjY1LTkzNmEtY2U4Njg4MjQ3YWE3XkEyXkFqcGdeQXVyNzkwMjQ5NzM@._V1_SX300.jpg",
    "imdbId": "tt0049730"
  },
  {
    "id": 52,
    "title": "Chicken Run",
    "posterURL": "https://m.media-amazon.com/images/M/MV5BY2UyYjFkNzAtYzIyMC00MGI1LTlkNDktNzUyOGQ5NTI2ZGFjXkEyXkFqcGdeQXVyNTUyMzE4Mzg@._V1_SX300.jpg",
    "imdbId": "tt0120630"
  },
  {
    "id": 53,
    "title": "Spartacus",
    "posterURL": "https://m.media-amazon.com/images/M/MV5BMjc4MTUxN2UtMmU1NC00MjQyLTk3YTYtZTQ0YzEzZDc0Njc0XkEyXkFqcGdeQXVyNjU0OTQ0OTY@._V1_SX300.jpg",
    "imdbId": "tt0054331"
  },
  {
    "id": 54,
    "title": "Hunt for the Wilderpeople",
    "posterURL": "https://m.media-amazon.com/images/M/MV5BMjI1MDQ2MDg5Ml5BMl5BanBnXkFtZTgwMjc2NjM5ODE@._V1_SX300.jpg",
    "imdbId": "tt4698684"
  },
  {
    "id": 55,
    "title": "The Princess Bride",
    "posterURL": "https://m.media-amazon.com/images/M/MV5BMGM4M2Q5N2MtNThkZS00NTc1LTk1NTItNWEyZjJjNDRmNDk5XkEyXkFqcGdeQXVyMjA0MDQ0Mjc@._V1_SX300.jpg",
    "imdbId": "tt0093779"
  },
  {
    "id": 56,
    "title": "The Bridge on the River Kwai",
    "posterURL": "https://m.media-amazon.com/images/M/MV5BMGVhNjhjODktODgxYS00MDdhLTlkZjktYTkyNzQxMTU0ZDYxXkEyXkFqcGdeQXVyNzkwMjQ5NzM@._V1_SX300.jpg",
    "imdbId": "tt0050212"
  },
  {
    "id": 57,
    "title": "Doctor Strange",
    "posterURL": "https://m.media-amazon.com/images/M/MV5BNjgwNzAzNjk1Nl5BMl5BanBnXkFtZTgwMzQ2NjI1OTE@._V1_SX300.jpg",
    "imdbId": "tt1211837"
  },
  {
    "id": 58,
    "title": "Goldfinger",
    "posterURL": "https://m.media-amazon.com/images/M/MV5BMTQ2MzE0OTU3NV5BMl5BanBnXkFtZTcwNjQxNTgzNA@@._V1_SX300.jpg",
    "imdbId": "tt0058150"
  },
  {
    "id": 59,
    "title": "The Lego Batman Movie",
    "posterURL": "https://m.media-amazon.com/images/M/MV5BMTcyNTEyOTY0M15BMl5BanBnXkFtZTgwOTAyNzU3MDI@._V1_SX300.jpg",
    "imdbId": "tt4116284"
  },
  {
    "id": 60,
    "title": "Close Encounters of the Third Kind",
    "posterURL": "https://m.media-amazon.com/images/M/MV5BMjM1NjE5NjQxN15BMl5BanBnXkFtZTgwMjYzMzQxMDE@._V1_SX300.jpg",
    "imdbId": "tt0075860"
  },
  {
    "id": 61,
    "title": "All Is Lost",
    "posterURL": "https://m.media-amazon.com/images/M/MV5BMjI0MzIyMjU1N15BMl5BanBnXkFtZTgwOTk1MjQxMDE@._V1_SX300.jpg",
    "imdbId": "tt2017038"
  },
  {
    "id": 62,
    "title": "Paths of Glory",
    "posterURL": "https://m.media-amazon.com/images/M/MV5BNjViMmRkOTEtM2ViOS00ODg0LWJhYWEtNTBlOGQxNDczOGY3XkEyXkFqcGdeQXVyMDI2NDg0NQ@@._V1_SX300.jpg",
    "imdbId": "tt0050825"
  },
  {
    "id": 63,
    "title": "Casino Royale",
    "posterURL": "https://m.media-amazon.com/images/M/MV5BMDI5ZWJhOWItYTlhOC00YWNhLTlkNzctNDU5YTI1M2E1MWZhXkEyXkFqcGdeQXVyNTIzOTk5ODM@._V1_SX300.jpg",
    "imdbId": "tt0381061"
  },
  {
    "id": 64,
    "title": "X-Men: Days of Future Past",
    "posterURL": "https://m.media-amazon.com/images/M/MV5BZGIzNWYzN2YtMjcwYS00YjQ3LWI2NjMtOTNiYTUyYjE2MGNkXkEyXkFqcGdeQXVyMTQxNzMzNDI@._V1_SX300.jpg",
    "imdbId": "tt1877832"
  },
  {
    "id": 65,
    "title": "No Country for Old Men",
    "posterURL": "https://m.media-amazon.com/images/M/MV5BMjA5Njk3MjM4OV5BMl5BanBnXkFtZTcwMTc5MTE1MQ@@._V1_SX300.jpg",
    "imdbId": "tt0477348"
  },
  {
    "id": 66,
    "title": "Looper",
    "posterURL": "https://m.media-amazon.com/images/M/MV5BMTg5NTA3NTg4NF5BMl5BanBnXkFtZTcwNTA0NDYzOA@@._V1_SX300.jpg",
    "imdbId": "tt1276104"
  },
  {
    "id": 67,
    "title": "Ran",
    "posterURL": "https://m.media-amazon.com/images/M/MV5BZDBjZTM4ZmEtOTA5ZC00NTQzLTkyNzYtMmUxNGU2YjI5YjU5L2ltYWdlXkEyXkFqcGdeQXVyNTAyODkwOQ@@._V1_SX300.jpg",
    "imdbId": "tt0089881"
  },
  {
    "id": 68,
    "title": "The Lord of the Rings: The Two Towers",
    "posterURL": "https://m.media-amazon.com/images/M/MV5BNGE5MzIyNTAtNWFlMC00NDA2LWJiMjItMjc4Yjg1OWM5NzhhXkEyXkFqcGdeQXVyNzkwMjQ5NzM@._V1_SX300.jpg",
    "imdbId": "tt0167261"
  },
  {
    "id": 69,
    "title": "Assault on Precinct 13",
    "posterURL": "https://m.media-amazon.com/images/M/MV5BZTQzMTA2ZjItMDA2Mi00YTNjLWFkOTktYTk3Y2JhZTdiYzU5XkEyXkFqcGdeQXVyMTQxNzMzNDI@._V1_SX300.jpg",
    "imdbId": "tt0074156"
  },
  {
    "id": 70,
    "title": "The Right Stuff",
    "posterURL": "https://m.media-amazon.com/images/M/MV5BOTUwMDA3MTYtZjhjMi00ODFmLTg5ZTAtYzgwN2NlODgzMmUwXkEyXkFqcGdeQXVyNjc1NTYyMjg@._V1_SX300.jpg",
    "imdbId": "tt0086197"
  },
  {
    "id": 71,
    "title": "Back to the Future",
    "posterURL": "https://m.media-amazon.com/images/M/MV5BZmU0M2Y1OGUtZjIxNi00ZjBkLTg1MjgtOWIyNThiZWIwYjRiXkEyXkFqcGdeQXVyMTQxNzMzNDI@._V1_SX300.jpg",
    "imdbId": "tt0088763"
  },
  {
    "id": 72,
    "title": "Dawn of the Planet of the Apes",
    "posterURL": "https://m.media-amazon.com/images/M/MV5BMTgwODk3NDc1N15BMl5BanBnXkFtZTgwNTc1NjQwMjE@._V1_SX300.jpg",
    "imdbId": "tt2103281"
  },
  {
    "id": 73,
    "title": "The Fugitive",
    "posterURL": "https://m.media-amazon.com/images/M/MV5BYmFmOGZjYTItYjY1ZS00OWRiLTk0NDgtMjQ5MzBkYWE2YWE0XkEyXkFqcGdeQXVyNjU0OTQ0OTY@._V1_SX300.jpg",
    "imdbId": "tt0106977"
  },
  {
    "id": 74,
    "title": "New Crouching Tiger, Hidden Dragon",
    "posterURL": "https://m.media-amazon.com/images/M/MV5BNmUyN2E3NjMtYTM3Ni00Nzc0LWJhNmUtODdlYjljMDNhZWIwXkEyXkFqcGdeQXVyMjg0MTI5NzQ@._V1_SX300.jpg",
    "imdbId": "tt3981658"
  },
  {
    "id": 75,
    "title": "The Lion King",
    "posterURL": "https://m.media-amazon.com/images/M/MV5BYTYxNGMyZTYtMjE3MS00MzNjLWFjNmYtMDk3N2FmM2JiM2M1XkEyXkFqcGdeQXVyNjY5NDU4NzI@._V1_SX300.jpg",
    "imdbId": "tt0110357"
  },
  {
    "id": 76,
    "title": "Sicario",
    "posterURL": "https://m.media-amazon.com/images/M/MV5BMjA5NjM3NTk1M15BMl5BanBnXkFtZTgwMzg1MzU2NjE@._V1_SX300.jpg",
    "imdbId": "tt3397884"
  },
  {
    "id": 77,
    "title": "Who Framed Roger Rabbit",
    "posterURL": "https://m.media-amazon.com/images/M/MV5BMDhiOTM2OTctODk3Ny00NWI4LThhZDgtNGQ4NjRiYjFkZGQzXkEyXkFqcGdeQXVyMTA0MjU0Ng@@._V1_SX300.jpg",
    "imdbId": "tt0096438"
  },
  {
    "id": 78,
    "title": "Jurassic Park",
    "posterURL": "https://m.media-amazon.com/images/M/MV5BMjM2MDgxMDg0Nl5BMl5BanBnXkFtZTgwNTM2OTM5NDE@._V1_SX300.jpg",
    "imdbId": "tt0107290"
  },
  {
    "id": 79,
    "title": "Dr. No",
    "posterURL": "https://m.media-amazon.com/images/M/MV5BMTk4YzdjOTgtNjM4NS00YjljLThhM2QtYTI3OTQ0OGVhNTMxXkEyXkFqcGdeQXVyNjc1NTYyMjg@._V1_SX300.jpg",
    "imdbId": "tt0055928"
  },
  {
    "id": 80,
    "title": "Diva",
    "posterURL": "https://m.media-amazon.com/images/M/MV5BNjRjOGNlMjYtZDVmOC00ODZlLWE3MDAtNzM2NmZjY2YwNDQ0XkEyXkFqcGdeQXVyMjQzMzQzODY@._V1_SX300.jpg",
    "imdbId": "tt0082269"
  },
  {
    "id": 81,
    "title": "Babe",
    "posterURL": "https://m.media-amazon.com/images/M/MV5BYjg4ZjUzMzMtYzlmYi00YTcwLTlkOWUtYWFmY2RhNjliODQzXkEyXkFqcGdeQXVyNTUyMzE4Mzg@._V1_SX300.jpg",
    "imdbId": "tt0112431"
  },
  {
    "id": 82,
    "title": "Captain America: The Winter Soldier",
    "posterURL": "https://m.media-amazon.com/images/M/MV5BMzA2NDkwODAwM15BMl5BanBnXkFtZTgwODk5MTgzMTE@._V1_SX300.jpg",
    "imdbId": "tt1843866"
  },
  {
    "id": 83,
    "title": "In the Line of Fire",
    "posterURL": "https://m.media-amazon.com/images/M/MV5BMjdhYjRlMTgtNTMzOS00OTZlLWIxMjAtNjM4NGY0NGQxODM3XkEyXkFqcGdeQXVyNDk3NzU2MTQ@._V1_SX300.jpg",
    "imdbId": "tt0107206"
  },
  {
    "id": 84,
    "title": "Raiders of the Lost Ark",
    "posterURL": "https://m.media-amazon.com/images/M/MV5BMjA0ODEzMTc1Nl5BMl5BanBnXkFtZTcwODM2MjAxNA@@._V1_SX300.jpg",
    "imdbId": "tt0082971"
  },
  {
    "id": 85,
    "title": "The Lord of the Rings: The Return of the King",
    "posterURL": "https://m.media-amazon.com/images/M/MV5BNzA5ZDNlZWMtM2NhNS00NDJjLTk4NDItYTRmY2EwMWZlMTY3XkEyXkFqcGdeQXVyNzkwMjQ5NzM@._V1_SX300.jpg",
    "imdbId": "tt0167260"
  },
  {
    "id": 86,
    "title": "Saving Private Ryan",
    "posterURL": "https://m.media-amazon.com/images/M/MV5BZjhkMDM4MWItZTVjOC00ZDRhLThmYTAtM2I5NzBmNmNlMzI1XkEyXkFqcGdeQXVyNDYyMDk5MTU@._V1_SX300.jpg",
    "imdbId": "tt0120815"
  },
  {
    "id": 87,
    "title": "Superman",
    "posterURL": "https://m.media-amazon.com/images/M/MV5BMzA0YWMwMTUtMTVhNC00NjRkLWE2ZTgtOWEzNjJhYzNiMTlkXkEyXkFqcGdeQXVyNjc1NTYyMjg@._V1_SX300.jpg",
    "imdbId": "tt0078346"
  },
  {
    "id": 88,
    "title": "The Bourne Ultimatum",
    "posterURL": "https://m.media-amazon.com/images/M/MV5BNGNiNmU2YTMtZmU4OS00MjM0LTlmYWUtMjVlYjAzYjE2N2RjXkEyXkFqcGdeQXVyNDk3NzU2MTQ@._V1_SX300.jpg",
    "imdbId": "tt0440963"
  },
  {
    "query": "tuna",
    "id": 89
  }
]